Month,Year,Month_Num,Emp_ID,Emp_Name,Role,Department,Role_Type,Base_Salary,Senior_Allowance,KPI_Score,KPI_Bonus,Commission_Override,Retention_Escrow_Release,Gross_Salary,Employee_Insurance,Taxable_Income,PIT_Tax,Net_Salary,Employer_Insurance,VIP_Benefits,Total_Company_Cost,Attributed_Revenue,Deals_Involved,Total_Firm_Revenue
2024-10,2024,10,EMP001,Nguyễn Quốc Hùng,Tổng Giám Đốc (Managing Director / CEO),Điều Hành Chung,Executive,130000000,25000000,110.8,30030000,71094040,0,256124040,5438000,228886040,70260114,180425926,10586000,3000000,269710040,8886754993,8,8886754993
2024-10,2024,10,EMP002,Trần Minh Tuấn,Phó TGĐ Kinh Doanh (Deputy CEO & Head of BD),Thương Mại & BD,Sales,105000000,20000000,105.6,20160000,81667316,0,226827316,5438000,199589316,60006261,161383055,10586000,3000000,240413316,5776390745,5,8886754993
2024-10,2024,10,EMP003,LS. Lê Hoàng Nam,Giám Đốc Pháp Lý & Thụ Lý Hồ Sơ (Legal Director),Pháp Lý Di Trú,Legal,95000000,15000000,91.7,8336250,31267029,0,149603279,5396000,126807279,34532548,109674731,10544000,3000000,163147279,0,8,8886754993
2024-10,2024,10,EMP004,Phạm Thanh Hà,Giám Đốc Thẩm Định Đầu Tư (Investment DD Director),Đầu Tư & Thẩm Định,Investment,90000000,15000000,89.4,6345000,42388227,0,153733227,5346000,130987227,35995529,112391698,10494000,3000000,167227227,0,8,8886754993
2024-10,2024,10,EMP005,Vũ Hải Đăng,Giám Đốc Khách Hàng VIP (Private Clients Director),Thương Mại & BD,Sales,85000000,20000000,102.4,14280000,70706092,0,189986092,5296000,167290092,48701532,135988560,10444000,3000000,203430092,3110364248,3,8886754993
2024-10,2024,10,EMP006,Đỗ Phương Thảo,Giám Đốc Marketing & Thương Hiệu (CMO),Tiếp Thị & Brand,Marketing,80000000,12000000,88.5,5100000,17262990,0,114362990,5246000,96116990,23790946,85326044,10394000,3000000,127756990,0,0,8886754993
2024-10,2024,10,EMP007,Hoàng Gia Bách,Giám Đốc Chi Nhánh Hà Nội (Northern Regional Dir.),Khối Chi Nhánh,Branch,85000000,15000000,108.0,17850000,51200442,0,169050442,5296000,141954442,39834055,123920387,10444000,3000000,182494442,3376966897,3,8886754993
2024-10,2024,10,EMP008,Ngô Thị Bích Ngọc,Giám Đốc Chi Nhánh TP.HCM (Southern Regional Dir.),Khối Chi Nhánh,Branch,90000000,15000000,92.4,8370000,66089505,0,179459505,5346000,156713505,44999727,129113778,10494000,3000000,192953505,4265642397,4,8886754993
2024-10,2024,10,EMP009,Trịnh Minh Trí,Trưởng Ban Đối Ngoại & Lãnh Sự (Head of Consular),Đối Ngoại Lãnh Sự,Legal,70000000,15000000,95.3,8032500,42772401,0,135804901,5146000,113258901,29790615,100868286,10294000,3000000,149098901,0,8,8886754993
2024-10,2024,10,EMP010,Bùi Thanh Mai,Trưởng Ban An Cư (Head of Settlement Operations),Vận Hành An Cư,Operations,65000000,10000000,98.4,8970000,7850185,0,91820185,5096000,69324185,14947256,71776929,10244000,3000000,105064185,0,0,8886754993
2024-10,2024,10,EMP011,Đặng Văn Lâm,Giám Đốc Tài Chính Quốc Tế (CFO),Tài Chính & Kế Toán,Finance,90000000,12000000,102.7,15322500,8957623,0,126280123,5346000,99134123,24846943,96087180,10494000,3000000,139774123,0,0,8886754993
2024-10,2024,10,EMP012,Võ Quỳnh Trang,Giám Đốc Nhân Sự & Tuân Thủ (HR & Compliance Dir.),Nhân Sự & Quản Trị,HR,65000000,10000000,95.0,7312500,8533893,0,90846393,5096000,68350393,14655118,71095275,10244000,3000000,104090393,0,0,8886754993
2024-11,2024,11,EMP001,Nguyễn Quốc Hùng,Tổng Giám Đốc (Managing Director / CEO),Điều Hành Chung,Executive,130000000,25000000,106.8,26130000,76284299,0,257414299,5438000,230176299,70711705,181264594,10586000,3000000,271000299,9535537370,8,9535537370
2024-11,2024,11,EMP002,Trần Minh Tuấn,Phó TGĐ Kinh Doanh (Deputy CEO & Head of BD),Thương Mại & BD,Sales,105000000,20000000,92.8,10080000,86896907,0,221976907,5438000,194738907,58308617,158230290,10586000,3000000,235562907,6198099290,5,9535537370
2024-11,2024,11,EMP003,LS. Lê Hoàng Nam,Giám Đốc Pháp Lý & Thụ Lý Hồ Sơ (Legal Director),Pháp Lý Di Trú,Legal,95000000,15000000,102.2,15817500,29009638,0,154827138,5396000,132031138,36360898,113070240,10544000,3000000,168371138,0,8,9535537370
2024-11,2024,11,EMP004,Phạm Thanh Hà,Giám Đốc Thẩm Định Đầu Tư (Investment DD Director),Đầu Tư & Thẩm Định,Investment,90000000,15000000,102.6,15255000,26763103,0,147018103,5346000,124272103,33645236,108026867,10494000,3000000,160512103,0,8,9535537370
2024-11,2024,11,EMP005,Vũ Hải Đăng,Giám Đốc Khách Hàng VIP (Private Clients Director),Thương Mại & BD,Sales,85000000,20000000,89.6,6120000,78697047,0,189817047,5296000,167121047,48642366,135878681,10444000,3000000,203261047,3337438080,3,9535537370
2024-11,2024,11,EMP006,Đỗ Phương Thảo,Giám Đốc Marketing & Thương Hiệu (CMO),Tiếp Thị & Brand,Marketing,80000000,12000000,111.2,18720000,15454050,0,126174050,5246000,107928050,27924818,93003232,10394000,3000000,139568050,0,0,9535537370
2024-11,2024,11,EMP007,Hoàng Gia Bách,Giám Đốc Chi Nhánh Hà Nội (Northern Regional Dir.),Khối Chi Nhánh,Branch,85000000,15000000,95.3,9753750,54074126,0,163827876,5296000,136731876,38006157,120525719,10444000,3000000,177271876,3623504201,3,9535537370
2024-11,2024,11,EMP008,Ngô Thị Bích Ngọc,Giám Đốc Chi Nhánh TP.HCM (Southern Regional Dir.),Khối Chi Nhánh,Branch,90000000,15000000,104.4,16470000,72794646,0,194264646,5346000,171518646,50181526,138737120,10494000,3000000,207758646,4577057938,4,9535537370
2024-11,2024,11,EMP009,Trịnh Minh Trí,Trưởng Ban Đối Ngoại & Lãnh Sự (Head of Consular),Đối Ngoại Lãnh Sự,Legal,70000000,15000000,90.9,5722500,43593250,0,134315750,5146000,111769750,29269412,99900338,10294000,3000000,147609750,0,8,9535537370
2024-11,2024,11,EMP010,Bùi Thanh Mai,Trưởng Ban An Cư (Head of Settlement Operations),Vận Hành An Cư,Operations,65000000,10000000,88.8,4290000,13474816,0,92764816,5096000,70268816,15230645,72438171,10244000,3000000,106008816,0,0,9535537370
2024-11,2024,11,EMP011,Đặng Văn Lâm,Giám Đốc Tài Chính Quốc Tế (CFO),Tài Chính & Kế Toán,Finance,90000000,12000000,94.2,9585000,15547781,0,127132781,5346000,99986781,25145373,96641408,10494000,3000000,140626781,0,0,9535537370
2024-11,2024,11,EMP012,Võ Quỳnh Trang,Giám Đốc Nhân Sự & Tuân Thủ (HR & Compliance Dir.),Nhân Sự & Quản Trị,HR,65000000,10000000,95.5,7556250,9932619,0,92488869,5096000,69992869,15147861,72245008,10244000,3000000,105732869,0,0,9535537370
2024-12,2024,12,EMP001,Nguyễn Quốc Hùng,Tổng Giám Đốc (Managing Director / CEO),Điều Hành Chung,Executive,130000000,25000000,92.4,12090000,81818887,104000000,352908887,5438000,325670887,104134810,243336077,10586000,3000000,366494887,10227360836,9,10227360836
2024-12,2024,12,EMP002,Trần Minh Tuấn,Phó TGĐ Kinh Doanh (Deputy CEO & Head of BD),Thương Mại & BD,Sales,105000000,20000000,111.3,24648750,95629617,0,245278367,5438000,218040367,66464128,173376239,10586000,3000000,258864367,6647784543,6,10227360836
2024-12,2024,12,EMP003,LS. Lê Hoàng Nam,Giám Đốc Pháp Lý & Thụ Lý Hồ Sơ (Legal Director),Pháp Lý Di Trú,Legal,95000000,15000000,110.5,21731250,58845164,0,190576414,5396000,167780414,48873145,136307269,10544000,3000000,204120414,0,9,10227360836
2024-12,2024,12,EMP004,Phạm Thanh Hà,Giám Đốc Thẩm Định Đầu Tư (Investment DD Director),Đầu Tư & Thẩm Định,Investment,90000000,15000000,102.3,15052500,47368730,0,167421230,5346000,144675230,40786330,121288900,10494000,3000000,180915230,0,9,10227360836
2024-12,2024,12,EMP005,Vũ Hải Đăng,Giám Đốc Khách Hàng VIP (Private Clients Director),Thương Mại & BD,Sales,85000000,20000000,90.1,6438750,74920030,0,186358780,5296000,163662780,47431973,133630807,10444000,3000000,199802780,3579576293,3,10227360836
2024-12,2024,12,EMP006,Đỗ Phương Thảo,Giám Đốc Marketing & Thương Hiệu (CMO),Tiếp Thị & Brand,Marketing,80000000,12000000,89.1,5460000,10043700,0,107503700,5246000,89257700,21390195,80867505,10394000,3000000,120897700,0,0,10227360836
2024-12,2024,12,EMP007,Hoàng Gia Bách,Giám Đốc Chi Nhánh Hà Nội (Northern Regional Dir.),Khối Chi Nhánh,Branch,85000000,15000000,97.3,11028750,59401271,0,170430021,5296000,143334021,40316907,124817114,10444000,3000000,183874021,3886397118,3,10227360836
2024-12,2024,12,EMP008,Ngô Thị Bích Ngọc,Giám Đốc Chi Nhánh TP.HCM (Southern Regional Dir.),Khối Chi Nhánh,Branch,90000000,15000000,107.9,18832500,77420984,0,201253484,5346000,178507484,52627619,143279865,10494000,3000000,214747484,4909133201,4,10227360836
2024-12,2024,12,EMP009,Trịnh Minh Trí,Trưởng Ban Đối Ngoại & Lãnh Sự (Head of Consular),Đối Ngoại Lãnh Sự,Legal,70000000,15000000,94.7,7717500,46943128,0,139660628,5146000,117114628,31140120,103374508,10294000,3000000,152954628,0,9,10227360836
2024-12,2024,12,EMP010,Bùi Thanh Mai,Trưởng Ban An Cư (Head of Settlement Operations),Vận Hành An Cư,Operations,65000000,10000000,91.4,5557500,12499993,0,93057493,5096000,70561493,15318448,72643045,10244000,3000000,106301493,0,0,10227360836
2024-12,2024,12,EMP011,Đặng Văn Lâm,Giám Đốc Tài Chính Quốc Tế (CFO),Tài Chính & Kế Toán,Finance,90000000,12000000,89.8,6615000,19634775,0,128249775,5346000,101103775,25536321,97367454,10494000,3000000,141743775,0,0,10227360836
2024-12,2024,12,EMP012,Võ Quỳnh Trang,Giám Đốc Nhân Sự & Tuân Thủ (HR & Compliance Dir.),Nhân Sự & Quản Trị,HR,65000000,10000000,106.5,12918750,7008313,0,94927063,5096000,72431063,15879319,73951744,10244000,3000000,108171063,0,0,10227360836
2025-01,2025,1,EMP001,Nguyễn Quốc Hùng,Tổng Giám Đốc (Managing Director / CEO),Điều Hành Chung,Executive,130000000,25000000,107.6,26910000,43309742,0,225219742,5438000,197981742,59443610,160338132,10586000,3000000,238805742,5413717745,4,5413717745
2025-01,2025,1,EMP002,Trần Minh Tuấn,Phó TGĐ Kinh Doanh (Deputy CEO & Head of BD),Thương Mại & BD,Sales,105000000,20000000,105.0,19687500,50393031,33760540,228841071,5438000,201603071,60711075,162691996,10586000,3000000,242427071,3518916534,2,5413717745
2025-01,2025,1,EMP003,LS. Lê Hoàng Nam,Giám Đốc Pháp Lý & Thụ Lý Hồ Sơ (Legal Director),Pháp Lý Di Trú,Legal,95000000,15000000,89.8,6982500,23490082,10348654,150821236,5396000,128025236,34958833,110466403,10544000,3000000,164365236,0,4,5413717745
2025-01,2025,1,EMP004,Phạm Thanh Hà,Giám Đốc Thẩm Định Đầu Tư (Investment DD Director),Đầu Tư & Thẩm Định,Investment,90000000,15000000,108.7,19372500,22849472,0,147221972,5346000,124475972,33716590,108159382,10494000,3000000,160715972,0,4,5413717745
2025-01,2025,1,EMP005,Vũ Hải Đăng,Giám Đốc Khách Hàng VIP (Private Clients Director),Thương Mại & BD,Sales,85000000,20000000,95.9,10136250,38774692,19730262,173641204,5296000,150945204,42980821,125364383,10444000,3000000,187085204,1894801211,1,5413717745
2025-01,2025,1,EMP006,Đỗ Phương Thảo,Giám Đốc Marketing & Thương Hiệu (CMO),Tiếp Thị & Brand,Marketing,80000000,12000000,95.8,9480000,14571589,0,116051589,5246000,97805589,24381956,86423633,10394000,3000000,129445589,0,0,5413717745
2025-01,2025,1,EMP007,Hoàng Gia Bách,Giám Đốc Chi Nhánh Hà Nội (Northern Regional Dir.),Khối Chi Nhánh,Branch,85000000,15000000,103.3,14853750,34078557,19263764,168196071,5296000,141100071,39535025,123365046,10444000,3000000,181640071,2057212743,1,5413717745
2025-01,2025,1,EMP008,Ngô Thị Bích Ngọc,Giám Đốc Chi Nhánh TP.HCM (Southern Regional Dir.),Khối Chi Nhánh,Branch,90000000,15000000,90.9,7357500,42463968,28292670,183114138,5346000,160368138,46278848,131489290,10494000,3000000,196608138,2598584518,2,5413717745
2025-01,2025,1,EMP009,Trịnh Minh Trí,Trưởng Ban Đối Ngoại & Lãnh Sự (Head of Consular),Đối Ngoại Lãnh Sự,Legal,70000000,15000000,101.5,11287500,31533860,18063492,145884852,5146000,123338852,33318598,107420254,10294000,3000000,159178852,0,4,5413717745
2025-01,2025,1,EMP010,Bùi Thanh Mai,Trưởng Ban An Cư (Head of Settlement Operations),Vận Hành An Cư,Operations,65000000,10000000,100.5,9993750,9090623,0,94084373,5096000,71588373,15626512,73361861,10244000,3000000,107328373,0,0,5413717745
2025-01,2025,1,EMP011,Đặng Văn Lâm,Giám Đốc Tài Chính Quốc Tế (CFO),Tài Chính & Kế Toán,Finance,90000000,12000000,88.6,5805000,8559432,0,116364432,5346000,89218432,21376451,89641981,10494000,3000000,129858432,0,0,5413717745
2025-01,2025,1,EMP012,Võ Quỳnh Trang,Giám Đốc Nhân Sự & Tuân Thủ (HR & Compliance Dir.),Nhân Sự & Quản Trị,HR,65000000,10000000,88.8,4290000,10991335,0,90281335,5096000,67785335,14485600,70699735,10244000,3000000,103525335,0,0,5413717745
2025-02,2025,2,EMP001,Nguyễn Quốc Hùng,Tổng Giám Đốc (Managing Director / CEO),Điều Hành Chung,Executive,130000000,25000000,100.2,19695000,43477523,0,218172523,5438000,190934523,56977083,155757440,10586000,3000000,231758523,5434690386,4,5434690386
2025-02,2025,2,EMP002,Trần Minh Tuấn,Phó TGĐ Kinh Doanh (Deputy CEO & Head of BD),Thương Mại & BD,Sales,105000000,20000000,109.8,23467500,48215790,7789620,204472910,5438000,177234910,52182218,146852692,10586000,3000000,218058910,3532548751,2,5434690386
2025-02,2025,2,EMP003,LS. Lê Hoàng Nam,Giám Đốc Pháp Lý & Thụ Lý Hồ Sơ (Legal Director),Pháp Lý Di Trú,Legal,95000000,15000000,106.1,18596250,19564127,2182319,150342696,5396000,127546696,34791344,110155352,10544000,3000000,163886696,0,4,5434690386
2025-02,2025,2,EMP004,Phạm Thanh Hà,Giám Đốc Thẩm Định Đầu Tư (Investment DD Director),Đầu Tư & Thẩm Định,Investment,90000000,15000000,95.0,10125000,14857098,0,129982098,5346000,107236098,27682634,96953464,10494000,3000000,143476098,0,4,5434690386
2025-02,2025,2,EMP005,Vũ Hải Đăng,Giám Đốc Khách Hàng VIP (Private Clients Director),Thương Mại & BD,Sales,85000000,20000000,110.3,19316250,43910148,8562943,176789341,5296000,154093341,44082669,127410672,10444000,3000000,190233341,1902141635,1,5434690386
2025-02,2025,2,EMP006,Đỗ Phương Thảo,Giám Đốc Marketing & Thương Hiệu (CMO),Tiếp Thị & Brand,Marketing,80000000,12000000,108.9,17340000,15401127,0,124741127,5246000,106495127,27423294,92071833,10394000,3000000,138135127,0,0,5434690386
2025-02,2025,2,EMP007,Hoàng Gia Bách,Giám Đốc Chi Nhánh Hà Nội (Northern Regional Dir.),Khối Chi Nhánh,Branch,85000000,15000000,92.5,7968750,34233542,6192893,148395185,5296000,121299185,32604715,110494470,10444000,3000000,161839185,2065182347,1,5434690386
2025-02,2025,2,EMP008,Ngô Thị Bích Ngọc,Giám Đốc Chi Nhánh TP.HCM (Southern Regional Dir.),Khối Chi Nhánh,Branch,90000000,15000000,107.4,18495000,43391645,6408969,173295614,5346000,150549614,42842365,125107249,10494000,3000000,186789614,2608651385,2,5434690386
2025-02,2025,2,EMP009,Trịnh Minh Trí,Trưởng Ban Đối Ngoại & Lãnh Sự (Head of Consular),Đối Ngoại Lãnh Sự,Legal,70000000,15000000,90.6,5565000,19548420,3207234,113320654,5146000,90774654,21921129,86253525,10294000,3000000,126614654,0,4,5434690386
2025-02,2025,2,EMP010,Bùi Thanh Mai,Trưởng Ban An Cư (Head of Settlement Operations),Vận Hành An Cư,Operations,65000000,10000000,107.6,13455000,13032648,0,101487648,5096000,78991648,17847494,78544154,10244000,3000000,114731648,0,0,5434690386
2025-02,2025,2,EMP011,Đặng Văn Lâm,Giám Đốc Tài Chính Quốc Tế (CFO),Tài Chính & Kế Toán,Finance,90000000,12000000,88.2,5535000,13635416,0,121170416,5346000,94024416,23058546,92765870,10494000,3000000,134664416,0,0,5434690386
2025-02,2025,2,EMP012,Võ Quỳnh Trang,Giám Đốc Nhân Sự & Tuân Thủ (HR & Compliance Dir.),Nhân Sự & Quản Trị,HR,65000000,10000000,98.0,8775000,7221181,0,90996181,5096000,68500181,14700054,71200127,10244000,3000000,104240181,0,0,5434690386
2025-03,2025,3,EMP001,Nguyễn Quốc Hùng,Tổng Giám Đốc (Managing Director / CEO),Điều Hành Chung,Executive,130000000,25000000,96.1,15697500,51621891,0,222319391,5438000,195081391,58428487,158452904,10586000,3000000,235905391,6452736422,5,6452736422
2025-03,2025,3,EMP002,Trần Minh Tuấn,Phó TGĐ Kinh Doanh (Deputy CEO & Head of BD),Thương Mại & BD,Sales,105000000,20000000,110.6,24097500,57681751,10256888,217036139,5438000,189798139,56579349,155018790,10586000,3000000,230622139,4194278674,3,6452736422
2025-03,2025,3,EMP003,LS. Lê Hoàng Nam,Giám Đốc Pháp Lý & Thụ Lý Hồ Sơ (Legal Director),Pháp Lý Di Trú,Legal,95000000,15000000,104.9,17741250,26736214,6570887,161048351,5396000,138252351,38538323,117114028,10544000,3000000,174592351,0,5,6452736422
2025-03,2025,3,EMP004,Phạm Thanh Hà,Giám Đốc Thẩm Định Đầu Tư (Investment DD Director),Đầu Tư & Thẩm Định,Investment,90000000,15000000,111.1,20992500,19580299,0,145572799,5346000,122826799,33139380,107087419,10494000,3000000,159066799,0,5,6452736422
2025-03,2025,3,EMP005,Vũ Hải Đăng,Giám Đốc Khách Hàng VIP (Private Clients Director),Thương Mại & BD,Sales,85000000,20000000,99.9,12686250,48103099,6865566,172654915,5296000,149958915,42635620,124723295,10444000,3000000,186098915,2258457748,2,6452736422
2025-03,2025,3,EMP006,Đỗ Phương Thảo,Giám Đốc Marketing & Thương Hiệu (CMO),Tiếp Thị & Brand,Marketing,80000000,12000000,88.9,5340000,13227121,0,110567121,5246000,92321121,22462392,82858729,10394000,3000000,123961121,0,0,6452736422
2025-03,2025,3,EMP007,Hoàng Gia Bách,Giám Đốc Chi Nhánh Hà Nội (Northern Regional Dir.),Khối Chi Nhánh,Branch,85000000,15000000,100.1,12813750,36356581,5155253,154325584,5296000,127229584,34680354,114349230,10444000,3000000,167769584,2452039840,2,6452736422
2025-03,2025,3,EMP008,Ngô Thị Bích Ngọc,Giám Đốc Chi Nhánh TP.HCM (Southern Regional Dir.),Khối Chi Nhánh,Branch,90000000,15000000,109.8,20115000,48266362,5875668,179257030,5346000,156511030,44928860,128982170,10494000,3000000,192751030,3097313483,2,6452736422
2025-03,2025,3,EMP009,Trịnh Minh Trí,Trưởng Ban Đối Ngoại & Lãnh Sự (Head of Consular),Đối Ngoại Lãnh Sự,Legal,70000000,15000000,99.7,10342500,40482875,5518151,141343526,5146000,118797526,31729134,104468392,10294000,3000000,154637526,0,5,6452736422
2025-03,2025,3,EMP010,Bùi Thanh Mai,Trưởng Ban An Cư (Head of Settlement Operations),Vận Hành An Cư,Operations,65000000,10000000,104.1,11748750,12130738,0,98879488,5096000,76383488,17065046,76718442,10244000,3000000,112123488,0,0,6452736422
2025-03,2025,3,EMP011,Đặng Văn Lâm,Giám Đốc Tài Chính Quốc Tế (CFO),Tài Chính & Kế Toán,Finance,90000000,12000000,93.7,9247500,16375526,0,127623026,5346000,100477026,25316959,96960067,10494000,3000000,141117026,0,0,6452736422
2025-03,2025,3,EMP012,Võ Quỳnh Trang,Giám Đốc Nhân Sự & Tuân Thủ (HR & Compliance Dir.),Nhân Sự & Quản Trị,HR,65000000,10000000,96.8,8190000,10953983,0,94143983,5096000,71647983,15644395,73403588,10244000,3000000,107387983,0,0,6452736422
2025-04,2025,4,EMP001,Nguyễn Quốc Hùng,Tổng Giám Đốc (Managing Director / CEO),Điều Hành Chung,Executive,130000000,25000000,100.9,20377500,64244616,0,239622116,5438000,212384116,64484441,169699675,10586000,3000000,253208116,8030577021,7,8030577021
2025-04,2025,4,EMP002,Trần Minh Tuấn,Phó TGĐ Kinh Doanh (Deputy CEO & Head of BD),Thương Mại & BD,Sales,105000000,20000000,90.2,8032500,75528583,38691256,247252339,5438000,220014339,67155019,174659320,10586000,3000000,260838339,5219875064,4,8030577021
2025-04,2025,4,EMP003,LS. Lê Hoàng Nam,Giám Đốc Pháp Lý & Thụ Lý Hồ Sơ (Legal Director),Pháp Lý Di Trú,Legal,95000000,15000000,92.5,8906250,21907146,13293531,154106927,5396000,131310927,36108824,112602103,10544000,3000000,167650927,0,7,8030577021
2025-04,2025,4,EMP004,Phạm Thanh Hà,Giám Đốc Thẩm Định Đầu Tư (Investment DD Director),Đầu Tư & Thẩm Định,Investment,90000000,15000000,104.3,16402500,17415169,0,138817669,5346000,116071669,30775084,102696585,10494000,3000000,152311669,0,7,8030577021
2025-04,2025,4,EMP005,Vũ Hải Đăng,Giám Đốc Khách Hàng VIP (Private Clients Director),Thương Mại & BD,Sales,85000000,20000000,100.3,12941250,59129482,37003849,214074581,5296000,191378581,57132503,151646078,10444000,3000000,227518581,2810701957,2,8030577021
2025-04,2025,4,EMP006,Đỗ Phương Thảo,Giám Đốc Marketing & Thương Hiệu (CMO),Tiếp Thị & Brand,Marketing,80000000,12000000,92.2,7320000,14138503,0,113458503,5246000,95212503,23474376,84738127,10394000,3000000,126852503,0,0,8030577021
2025-04,2025,4,EMP007,Hoàng Gia Bách,Giám Đốc Chi Nhánh Hà Nội (Northern Regional Dir.),Khối Chi Nhánh,Branch,85000000,15000000,97.3,11028750,50865606,22794523,184688879,5296000,157592879,45307508,134085371,10444000,3000000,198132879,3051619268,2,8030577021
2025-04,2025,4,EMP008,Ngô Thị Bích Ngọc,Giám Đốc Chi Nhánh TP.HCM (Southern Regional Dir.),Khối Chi Nhánh,Branch,90000000,15000000,96.2,10935000,59290936,42905457,218131393,5346000,195385393,58534888,154250505,10494000,3000000,231625393,3854676970,3,8030577021
2025-04,2025,4,EMP009,Trịnh Minh Trí,Trưởng Ban Đối Ngoại & Lãnh Sự (Head of Consular),Đối Ngoại Lãnh Sự,Legal,70000000,15000000,109.1,15277500,27271158,17207948,144756606,5146000,122210606,32923712,106686894,10294000,3000000,158050606,0,7,8030577021
2025-04,2025,4,EMP010,Bùi Thanh Mai,Trưởng Ban An Cư (Head of Settlement Operations),Vận Hành An Cư,Operations,65000000,10000000,107.6,13455000,10252327,0,98707327,5096000,76211327,17013398,76597929,10244000,3000000,111951327,0,0,8030577021
2025-04,2025,4,EMP011,Đặng Văn Lâm,Giám Đốc Tài Chính Quốc Tế (CFO),Tài Chính & Kế Toán,Finance,90000000,12000000,100.7,13972500,10247339,0,126219839,5346000,99073839,24825844,96047995,10494000,3000000,139713839,0,0,8030577021
2025-04,2025,4,EMP012,Võ Quỳnh Trang,Giám Đốc Nhân Sự & Tuân Thủ (HR & Compliance Dir.),Nhân Sự & Quản Trị,HR,65000000,10000000,90.2,4972500,13364663,0,93337163,5096000,70841163,15402349,72838814,10244000,3000000,106581163,0,0,8030577021
2025-05,2025,5,EMP001,Nguyễn Quốc Hùng,Tổng Giám Đốc (Managing Director / CEO),Điều Hành Chung,Executive,130000000,25000000,103.2,22620000,71741589,0,249361589,5438000,222123589,67893256,176030333,10586000,3000000,262947589,8967698637,8,8967698637
2025-05,2025,5,EMP002,Trần Minh Tuấn,Phó TGĐ Kinh Doanh (Deputy CEO & Head of BD),Thương Mại & BD,Sales,105000000,20000000,96.1,12678750,80375516,16789911,234844177,5438000,207606177,62812162,166594015,10586000,3000000,248430177,5829004114,5,8967698637
2025-05,2025,5,EMP003,LS. Lê Hoàng Nam,Giám Đốc Pháp Lý & Thụ Lý Hồ Sơ (Legal Director),Pháp Lý Di Trú,Legal,95000000,15000000,109.5,21018750,45064247,9778100,185861097,5396000,163065097,47222784,133242313,10544000,3000000,199405097,0,8,8967698637
2025-05,2025,5,EMP004,Phạm Thanh Hà,Giám Đốc Thẩm Định Đầu Tư (Investment DD Director),Đầu Tư & Thẩm Định,Investment,90000000,15000000,103.4,15795000,19682799,0,140477799,5346000,117731799,31356130,103775669,10494000,3000000,153971799,0,8,8967698637
2025-05,2025,5,EMP005,Vũ Hải Đăng,Giám Đốc Khách Hàng VIP (Private Clients Director),Thương Mại & BD,Sales,85000000,20000000,91.9,7586250,73454588,14027208,200068046,5296000,177372046,52230216,142541830,10444000,3000000,213512046,3138694523,3,8967698637
2025-05,2025,5,EMP006,Đỗ Phương Thảo,Giám Đốc Marketing & Thương Hiệu (CMO),Tiếp Thị & Brand,Marketing,80000000,12000000,88.2,4920000,7536481,0,104456481,5246000,86210481,20323668,78886813,10394000,3000000,117850481,0,0,8967698637
2025-05,2025,5,EMP007,Hoàng Gia Bách,Giám Đốc Chi Nhánh Hà Nội (Northern Regional Dir.),Khối Chi Nhánh,Branch,85000000,15000000,103.9,15236250,50197596,6230586,171664432,5296000,144568432,40748951,125619481,10444000,3000000,185108432,3407725482,3,8967698637
2025-05,2025,5,EMP008,Ngô Thị Bích Ngọc,Giám Đốc Chi Nhánh TP.HCM (Southern Regional Dir.),Khối Chi Nhánh,Branch,90000000,15000000,101.2,14310000,70193545,13883875,203387420,5346000,180641420,53374497,144666923,10494000,3000000,216881420,4304495346,4,8967698637
2025-05,2025,5,EMP009,Trịnh Minh Trí,Trưởng Ban Đối Ngoại & Lãnh Sự (Head of Consular),Đối Ngoại Lãnh Sự,Legal,70000000,15000000,93.4,7035000,40516660,5493547,138045207,5146000,115499207,30574722,102324485,10294000,3000000,151339207,0,8,8967698637
2025-05,2025,5,EMP010,Bùi Thanh Mai,Trưởng Ban An Cư (Head of Settlement Operations),Vận Hành An Cư,Operations,65000000,10000000,95.8,7702500,11993072,0,94695572,5096000,72199572,15809872,73789700,10244000,3000000,107939572,0,0,8967698637
2025-05,2025,5,EMP011,Đặng Văn Lâm,Giám Đốc Tài Chính Quốc Tế (CFO),Tài Chính & Kế Toán,Finance,90000000,12000000,103.6,15930000,17900215,0,135830215,5346000,108684215,28189475,102294740,10494000,3000000,149324215,0,0,8967698637
2025-05,2025,5,EMP012,Võ Quỳnh Trang,Giám Đốc Nhân Sự & Tuân Thủ (HR & Compliance Dir.),Nhân Sự & Quản Trị,HR,65000000,10000000,103.8,11602500,10371608,0,96974108,5096000,74478108,16493432,75384676,10244000,3000000,110218108,0,0,8967698637
2025-06,2025,6,EMP001,Nguyễn Quốc Hùng,Tổng Giám Đốc (Managing Director / CEO),Điều Hành Chung,Executive,130000000,25000000,96.8,16380000,66104944,104000000,341484944,5438000,314246944,100136430,235910514,10586000,3000000,355070944,8263118061,7,8263118061
2025-06,2025,6,EMP002,Trần Minh Tuấn,Phó TGĐ Kinh Doanh (Deputy CEO & Head of BD),Thương Mại & BD,Sales,105000000,20000000,94.4,11340000,73269321,18020706,227630027,5438000,200392027,60287209,161904818,10586000,3000000,241216027,5371026740,4,8263118061
2025-06,2025,6,EMP003,LS. Lê Hoàng Nam,Giám Đốc Pháp Lý & Thụ Lý Hồ Sơ (Legal Director),Pháp Lý Di Trú,Legal,95000000,15000000,97.4,12397500,47452871,9237688,179088059,5396000,156292059,44852221,128839838,10544000,3000000,192632059,0,7,8263118061
2025-06,2025,6,EMP004,Phạm Thanh Hà,Giám Đốc Thẩm Định Đầu Tư (Investment DD Director),Đầu Tư & Thẩm Định,Investment,90000000,15000000,107.1,18292500,29455379,0,152747879,5346000,130001879,35650658,111751221,10494000,3000000,166241879,0,7,8263118061
2025-06,2025,6,EMP005,Vũ Hải Đăng,Giám Đốc Khách Hàng VIP (Private Clients Director),Thương Mại & BD,Sales,85000000,20000000,101.8,13897500,63549838,8216133,190663471,5296000,167967471,48938615,136428856,10444000,3000000,204107471,2892091321,2,8263118061
2025-06,2025,6,EMP006,Đỗ Phương Thảo,Giám Đốc Marketing & Thương Hiệu (CMO),Tiếp Thị & Brand,Marketing,80000000,12000000,105.3,15180000,9544650,0,116724650,5246000,98478650,24617528,86861122,10394000,3000000,130118650,0,0,8263118061
2025-06,2025,6,EMP007,Hoàng Gia Bách,Giám Đốc Chi Nhánh Hà Nội (Northern Regional Dir.),Khối Chi Nhánh,Branch,85000000,15000000,88.6,5482500,50436266,6383547,162302313,5296000,135206313,37472210,119534103,10444000,3000000,175746313,3139984863,2,8263118061
2025-06,2025,6,EMP008,Ngô Thị Bích Ngọc,Giám Đốc Chi Nhánh TP.HCM (Southern Regional Dir.),Khối Chi Nhánh,Branch,90000000,15000000,110.6,20655000,66341411,15738150,207734561,5346000,184988561,54895996,147492565,10494000,3000000,221228561,3966296669,3,8263118061
2025-06,2025,6,EMP009,Trịnh Minh Trí,Trưởng Ban Đối Ngoại & Lãnh Sự (Head of Consular),Đối Ngoại Lãnh Sự,Legal,70000000,15000000,96.9,8872500,23521966,5627578,123022044,5146000,100476044,25316615,92559429,10294000,3000000,136316044,0,7,8263118061
2025-06,2025,6,EMP010,Bùi Thanh Mai,Trưởng Ban An Cư (Head of Settlement Operations),Vận Hành An Cư,Operations,65000000,10000000,98.3,8921250,13996559,0,97917809,5096000,75421809,16776543,76045266,10244000,3000000,111161809,0,0,8263118061
2025-06,2025,6,EMP011,Đặng Văn Lâm,Giám Đốc Tài Chính Quốc Tế (CFO),Tài Chính & Kế Toán,Finance,90000000,12000000,111.1,20992500,17947919,0,140940419,5346000,113794419,29978047,105616372,10494000,3000000,154434419,0,0,8263118061
2025-06,2025,6,EMP012,Võ Quỳnh Trang,Giám Đốc Nhân Sự & Tuân Thủ (HR & Compliance Dir.),Nhân Sự & Quản Trị,HR,65000000,10000000,95.1,7361250,8704389,0,91065639,5096000,68569639,14720892,71248747,10244000,3000000,104309639,0,0,8263118061
2025-07,2025,7,EMP001,Nguyễn Quốc Hùng,Tổng Giám Đốc (Managing Director / CEO),Điều Hành Chung,Executive,130000000,25000000,95.6,15210000,91356542,0,261566542,5438000,234328542,72164990,183963552,10586000,3000000,275152542,11419567706,10,11419567706
2025-07,2025,7,EMP002,Trần Minh Tuấn,Phó TGĐ Kinh Doanh (Deputy CEO & Head of BD),Thương Mại & BD,Sales,105000000,20000000,92.1,9528750,104508334,76045925,315083009,5438000,287845009,90895753,218749256,10586000,3000000,328669009,7422719009,7,11419567706
2025-07,2025,7,EMP003,LS. Lê Hoàng Nam,Giám Đốc Pháp Lý & Thụ Lý Hồ Sơ (Legal Director),Pháp Lý Di Trú,Legal,95000000,15000000,104.7,17598750,46026988,19976255,193601993,5396000,170805993,49932098,138273895,10544000,3000000,207145993,0,10,11419567706
2025-07,2025,7,EMP004,Phạm Thanh Hà,Giám Đốc Thẩm Định Đầu Tư (Investment DD Director),Đầu Tư & Thẩm Định,Investment,90000000,15000000,102.8,15390000,47251346,0,167641346,5346000,144895346,40863371,121431975,10494000,3000000,181135346,0,10,11419567706
2025-07,2025,7,EMP005,Vũ Hải Đăng,Giám Đốc Khách Hàng VIP (Private Clients Director),Thương Mại & BD,Sales,85000000,20000000,91.4,7267500,88188550,62356411,262812461,5296000,240116461,74190761,183325700,10444000,3000000,276256461,3996848697,4,11419567706
2025-07,2025,7,EMP006,Đỗ Phương Thảo,Giám Đốc Marketing & Thương Hiệu (CMO),Tiếp Thị & Brand,Marketing,80000000,12000000,105.8,15480000,14206576,0,121686576,5246000,103440576,26354202,90086374,10394000,3000000,135080576,0,0,11419567706
2025-07,2025,7,EMP007,Hoàng Gia Bách,Giám Đốc Chi Nhánh Hà Nội (Northern Regional Dir.),Khối Chi Nhánh,Branch,85000000,15000000,104.9,15873750,67121271,33745699,216740720,5296000,189644720,56525652,154919068,10444000,3000000,230184720,4339435728,4,11419567706
2025-07,2025,7,EMP008,Ngô Thị Bích Ngọc,Giám Đốc Chi Nhánh TP.HCM (Southern Regional Dir.),Khối Chi Nhánh,Branch,90000000,15000000,107.4,18495000,90422045,63609676,277526721,5346000,254780721,79323252,192857469,10494000,3000000,291020721,5481392499,5,11419567706
2025-07,2025,7,EMP009,Trịnh Minh Trí,Trưởng Ban Đối Ngoại & Lãnh Sự (Head of Consular),Đối Ngoại Lãnh Sự,Legal,70000000,15000000,109.9,15697500,44118628,25391625,170207753,5146000,147661753,41831614,123230139,10294000,3000000,183501753,0,10,11419567706
2025-07,2025,7,EMP010,Bùi Thanh Mai,Trưởng Ban An Cư (Head of Settlement Operations),Vận Hành An Cư,Operations,65000000,10000000,107.2,13260000,11114672,0,99374672,5096000,76878672,17213602,77065070,10244000,3000000,112618672,0,0,11419567706
2025-07,2025,7,EMP011,Đặng Văn Lâm,Giám Đốc Tài Chính Quốc Tế (CFO),Tài Chính & Kế Toán,Finance,90000000,12000000,104.8,16740000,17226988,0,135966988,5346000,108820988,28237346,102383642,10494000,3000000,149460988,0,0,11419567706
2025-07,2025,7,EMP012,Võ Quỳnh Trang,Giám Đốc Nhân Sự & Tuân Thủ (HR & Compliance Dir.),Nhân Sự & Quản Trị,HR,65000000,10000000,109.4,14332500,8275756,0,97608256,5096000,75112256,16683677,75828579,10244000,3000000,110852256,0,0,11419567706
2025-08,2025,8,EMP001,Nguyễn Quốc Hùng,Tổng Giám Đốc (Managing Director / CEO),Điều Hành Chung,Executive,130000000,25000000,90.3,10042500,88588162,0,253630662,5438000,226392662,69387432,178805230,10586000,3000000,267216662,11073520294,10,11073520294
2025-08,2025,8,EMP002,Trần Minh Tuấn,Phó TGĐ Kinh Doanh (Deputy CEO & Head of BD),Thương Mại & BD,Sales,105000000,20000000,101.9,17246250,96092770,16320367,254659387,5438000,227421387,69747485,179473902,10586000,3000000,268245387,7197788191,7,11073520294
2025-08,2025,8,EMP003,LS. Lê Hoàng Nam,Giám Đốc Pháp Lý & Thụ Lý Hồ Sơ (Legal Director),Pháp Lý Di Trú,Legal,95000000,15000000,101.0,14962500,38285094,7221525,170469119,5396000,147673119,41835592,123237527,10544000,3000000,184013119,0,10,11073520294
2025-08,2025,8,EMP004,Phạm Thanh Hà,Giám Đốc Thẩm Định Đầu Tư (Investment DD Director),Đầu Tư & Thẩm Định,Investment,90000000,15000000,88.7,5872500,24371053,0,135243553,5346000,112497553,29524144,100373409,10494000,3000000,148737553,0,10,11073520294
2025-08,2025,8,EMP005,Vũ Hải Đăng,Giám Đốc Khách Hàng VIP (Private Clients Director),Thương Mại & BD,Sales,85000000,20000000,107.7,17658750,83358746,9924615,215942111,5296000,193246111,57786139,152859972,10444000,3000000,229386111,3875732103,4,11073520294
2025-08,2025,8,EMP006,Đỗ Phương Thảo,Giám Đốc Marketing & Thương Hiệu (CMO),Tiếp Thị & Brand,Marketing,80000000,12000000,100.5,12300000,15023928,0,119323928,5246000,101077928,25527275,88550653,10394000,3000000,132717928,0,0,11073520294
2025-08,2025,8,EMP007,Hoàng Gia Bách,Giám Đốc Chi Nhánh Hà Nội (Northern Regional Dir.),Khối Chi Nhánh,Branch,85000000,15000000,93.2,8415000,67392699,7602039,183409738,5296000,156313738,44859808,133253930,10444000,3000000,196853738,4207937712,4,11073520294
2025-08,2025,8,EMP008,Ngô Thị Bích Ngọc,Giám Đốc Chi Nhánh TP.HCM (Southern Regional Dir.),Khối Chi Nhánh,Branch,90000000,15000000,89.2,6210000,85311290,15449471,211970761,5346000,189224761,56378666,150246095,10494000,3000000,225464761,5315289741,5,11073520294
2025-08,2025,8,EMP009,Trịnh Minh Trí,Trưởng Ban Đối Ngoại & Lãnh Sự (Head of Consular),Đối Ngoại Lãnh Sự,Legal,70000000,15000000,103.3,12232500,53141887,13092982,163467369,5146000,140921369,39472479,118848890,10294000,3000000,176761369,0,10,11073520294
2025-08,2025,8,EMP010,Bùi Thanh Mai,Trưởng Ban An Cư (Head of Settlement Operations),Vận Hành An Cư,Operations,65000000,10000000,100.4,9945000,8138904,0,93083904,5096000,70587904,15326371,72661533,10244000,3000000,106327904,0,0,11073520294
2025-08,2025,8,EMP011,Đặng Văn Lâm,Giám Đốc Tài Chính Quốc Tế (CFO),Tài Chính & Kế Toán,Finance,90000000,12000000,107.1,18292500,10612486,0,130904986,5346000,103758986,26465645,99093341,10494000,3000000,144398986,0,0,11073520294
2025-08,2025,8,EMP012,Võ Quỳnh Trang,Giám Đốc Nhân Sự & Tuân Thủ (HR & Compliance Dir.),Nhân Sự & Quản Trị,HR,65000000,10000000,98.5,9018750,5913953,0,89932703,5096000,67436703,14381011,70455692,10244000,3000000,103176703,0,0,11073520294
2025-09,2025,9,EMP001,Nguyễn Quốc Hùng,Tổng Giám Đốc (Managing Director / CEO),Điều Hành Chung,Executive,130000000,25000000,111.1,30322500,87246400,0,272568900,5438000,245330900,76015815,191115085,10586000,3000000,286154900,10905800015,9,10905800015
2025-09,2025,9,EMP002,Trần Minh Tuấn,Phó TGĐ Kinh Doanh (Deputy CEO & Head of BD),Thương Mại & BD,Sales,105000000,20000000,108.1,22128750,101187683,16325918,264642351,5438000,237404351,73241523,185962828,10586000,3000000,278228351,7088770010,6,10905800015
2025-09,2025,9,EMP003,LS. Lê Hoàng Nam,Giám Đốc Pháp Lý & Thụ Lý Hồ Sơ (Legal Director),Pháp Lý Di Trú,Legal,95000000,15000000,92.2,8692500,35190940,4840036,158723476,5396000,135927476,37724617,115602859,10544000,3000000,172267476,0,9,10905800015
2025-09,2025,9,EMP004,Phạm Thanh Hà,Giám Đốc Thẩm Định Đầu Tư (Investment DD Director),Đầu Tư & Thẩm Định,Investment,90000000,15000000,101.2,14310000,43594090,0,162904090,5346000,140158090,39205332,118352758,10494000,3000000,176398090,0,9,10905800015
2025-09,2025,9,EMP005,Vũ Hải Đăng,Giám Đốc Khách Hàng VIP (Private Clients Director),Thương Mại & BD,Sales,85000000,20000000,103.8,15172500,81017864,19705958,220896322,5296000,198200322,59520113,156080209,10444000,3000000,234340322,3817030005,3,10905800015
2025-09,2025,9,EMP006,Đỗ Phương Thảo,Giám Đốc Marketing & Thương Hiệu (CMO),Tiếp Thị & Brand,Marketing,80000000,12000000,105.7,15420000,12608765,0,120028765,5246000,101782765,25773968,89008797,10394000,3000000,133422765,0,0,10905800015
2025-09,2025,9,EMP007,Hoàng Gia Bách,Giám Đốc Chi Nhánh Hà Nội (Northern Regional Dir.),Khối Chi Nhánh,Branch,85000000,15000000,102.7,14471250,64619612,8863203,187954065,5296000,160858065,46450323,136207742,10444000,3000000,201398065,4144204006,3,10905800015
2025-09,2025,9,EMP008,Ngô Thị Bích Ngọc,Giám Đốc Chi Nhánh TP.HCM (Southern Regional Dir.),Khối Chi Nhánh,Branch,90000000,15000000,96.5,11137500,85916174,8777112,210830786,5346000,188084786,55979675,149505111,10494000,3000000,224324786,5234784007,4,10905800015
2025-09,2025,9,EMP009,Trịnh Minh Trí,Trưởng Ban Đối Ngoại & Lãnh Sự (Head of Consular),Đối Ngoại Lãnh Sự,Legal,70000000,15000000,90.8,5670000,31314693,3322781,125307474,5146000,102761474,26116516,94044958,10294000,3000000,138601474,0,9,10905800015
2025-09,2025,9,EMP010,Bùi Thanh Mai,Trưởng Ban An Cư (Head of Settlement Operations),Vận Hành An Cư,Operations,65000000,10000000,108.5,13893750,11603287,0,100497037,5096000,78001037,17550311,77850726,10244000,3000000,113741037,0,0,10905800015
2025-09,2025,9,EMP011,Đặng Văn Lâm,Giám Đốc Tài Chính Quốc Tế (CFO),Tài Chính & Kế Toán,Finance,90000000,12000000,99.4,13095000,8432710,0,123527710,5346000,96381710,23883598,94298112,10494000,3000000,137021710,0,0,10905800015
2025-09,2025,9,EMP012,Võ Quỳnh Trang,Giám Đốc Nhân Sự & Tuân Thủ (HR & Compliance Dir.),Nhân Sự & Quản Trị,HR,65000000,10000000,99.8,9652500,9508593,0,94161093,5096000,71665093,15649528,73415565,10244000,3000000,107405093,0,0,10905800015
2025-10,2025,10,EMP001,Nguyễn Quốc Hùng,Tổng Giám Đốc (Managing Director / CEO),Điều Hành Chung,Executive,130000000,25000000,98.4,17940000,80811942,0,253751942,5438000,226513942,69429880,178884062,10586000,3000000,267337942,10101492695,9,10101492695
2025-10,2025,10,EMP002,Trần Minh Tuấn,Phó TGĐ Kinh Doanh (Deputy CEO & Head of BD),Thương Mại & BD,Sales,105000000,20000000,97.6,13860000,92988519,57865154,289713673,5438000,262475673,82016486,202259187,10586000,3000000,303299673,6565970252,6,10101492695
2025-10,2025,10,EMP003,LS. Lê Hoàng Nam,Giám Đốc Pháp Lý & Thụ Lý Hồ Sơ (Legal Director),Pháp Lý Di Trú,Legal,95000000,15000000,89.1,6483750,38087914,23578360,178150024,5396000,155354024,44523908,128230116,10544000,3000000,191694024,0,9,10101492695
2025-10,2025,10,EMP004,Phạm Thanh Hà,Giám Đốc Thẩm Định Đầu Tư (Investment DD Director),Đầu Tư & Thẩm Định,Investment,90000000,15000000,100.1,13567500,42155756,0,160723256,5346000,137977256,38442040,116935216,10494000,3000000,174217256,0,9,10101492695
2025-10,2025,10,EMP005,Vũ Hải Đăng,Giám Đốc Khách Hàng VIP (Private Clients Director),Thương Mại & BD,Sales,85000000,20000000,103.8,15172500,73586700,31252202,225011402,5296000,202315402,60960391,158755011,10444000,3000000,238455402,3535522443,3,10101492695
2025-10,2025,10,EMP006,Đỗ Phương Thảo,Giám Đốc Marketing & Thương Hiệu (CMO),Tiếp Thị & Brand,Marketing,80000000,12000000,103.4,14040000,6696927,0,112736927,5246000,94490927,23221824,84269103,10394000,3000000,126130927,0,0,10101492695
2025-10,2025,10,EMP007,Hoàng Gia Bách,Giám Đốc Chi Nhánh Hà Nội (Northern Regional Dir.),Khối Chi Nhánh,Branch,85000000,15000000,102.1,14088750,64010714,38497065,216596529,5296000,189500529,56475185,154825344,10444000,3000000,230040529,3838567224,3,10101492695
2025-10,2025,10,EMP008,Ngô Thị Bích Ngọc,Giám Đốc Chi Nhánh TP.HCM (Southern Regional Dir.),Khối Chi Nhánh,Branch,90000000,15000000,97.3,11677500,78691086,44097581,239466167,5346000,216720167,66002058,168118109,10494000,3000000,252960167,4848716494,4,10101492695
2025-10,2025,10,EMP009,Trịnh Minh Trí,Trưởng Ban Đối Ngoại & Lãnh Sự (Head of Consular),Đối Ngoại Lãnh Sự,Legal,70000000,15000000,101.1,11077500,55773702,29846512,181697714,5146000,159151714,45853100,130698614,10294000,3000000,194991714,0,9,10101492695
2025-10,2025,10,EMP010,Bùi Thanh Mai,Trưởng Ban An Cư (Head of Settlement Operations),Vận Hành An Cư,Operations,65000000,10000000,111.1,15161250,13438691,0,103599941,5096000,81103941,18536379,79967562,10244000,3000000,116843941,0,0,10101492695
2025-10,2025,10,EMP011,Đặng Văn Lâm,Giám Đốc Tài Chính Quốc Tế (CFO),Tài Chính & Kế Toán,Finance,90000000,12000000,92.7,8572500,8073952,0,118646452,5346000,91500452,22175158,91125294,10494000,3000000,132140452,0,0,10101492695
2025-10,2025,10,EMP012,Võ Quỳnh Trang,Giám Đốc Nhân Sự & Tuân Thủ (HR & Compliance Dir.),Nhân Sự & Quản Trị,HR,65000000,10000000,90.4,5070000,5365819,0,85435819,5096000,62939819,13031946,67307873,10244000,3000000,98679819,0,0,10101492695
2025-11,2025,11,EMP001,Nguyễn Quốc Hùng,Tổng Giám Đốc (Managing Director / CEO),Điều Hành Chung,Executive,130000000,25000000,104.4,23790000,83978601,0,262768601,5438000,235530601,72585710,184744891,10586000,3000000,276354601,10497325133,9,10497325133
2025-11,2025,11,EMP002,Trần Minh Tuấn,Phó TGĐ Kinh Doanh (Deputy CEO & Head of BD),Thương Mại & BD,Sales,105000000,20000000,89.7,7638750,93796411,21266582,247701743,5438000,220463743,67312310,174951433,10586000,3000000,261287743,6823261336,6,10497325133
2025-11,2025,11,EMP003,LS. Lê Hoàng Nam,Giám Đốc Pháp Lý & Thụ Lý Hồ Sơ (Legal Director),Pháp Lý Di Trú,Legal,95000000,15000000,88.6,6127500,53970226,7678787,177776513,5396000,154980513,44393180,127987333,10544000,3000000,191320513,0,9,10497325133
2025-11,2025,11,EMP004,Phạm Thanh Hà,Giám Đốc Thẩm Định Đầu Tư (Investment DD Director),Đầu Tư & Thẩm Định,Investment,90000000,15000000,90.8,7290000,39918429,0,152208429,5346000,129462429,35461850,111400579,10494000,3000000,165702429,0,9,10497325133
2025-11,2025,11,EMP005,Vũ Hải Đăng,Giám Đốc Khách Hàng VIP (Private Clients Director),Thương Mại & BD,Sales,85000000,20000000,103.1,14726250,85711138,18021680,223459068,5296000,200763068,60417074,157745994,10444000,3000000,236903068,3674063797,3,10497325133
2025-11,2025,11,EMP006,Đỗ Phương Thảo,Giám Đốc Marketing & Thương Hiệu (CMO),Tiếp Thị & Brand,Marketing,80000000,12000000,107.3,16380000,9558787,0,117938787,5246000,99692787,25042475,87650312,10394000,3000000,131332787,0,0,10497325133
2025-11,2025,11,EMP007,Hoàng Gia Bách,Giám Đốc Chi Nhánh Hà Nội (Northern Regional Dir.),Khối Chi Nhánh,Branch,85000000,15000000,92.3,7841250,64945753,14354649,187141652,5296000,160045652,46165978,135679674,10444000,3000000,200585652,3988983551,3,10497325133
2025-11,2025,11,EMP008,Ngô Thị Bích Ngọc,Giám Đốc Chi Nhánh TP.HCM (Southern Regional Dir.),Khối Chi Nhánh,Branch,90000000,15000000,111.8,21465000,79914985,12450971,218830956,5346000,196084956,58779735,154705221,10494000,3000000,232324956,5038716064,4,10497325133
2025-11,2025,11,EMP009,Trịnh Minh Trí,Trưởng Ban Đối Ngoại & Lãnh Sự (Head of Consular),Đối Ngoại Lãnh Sự,Legal,70000000,15000000,106.6,13965000,38576115,9243362,146784477,5146000,124238477,33633467,108005010,10294000,3000000,160078477,0,9,10497325133
2025-11,2025,11,EMP010,Bùi Thanh Mai,Trưởng Ban An Cư (Head of Settlement Operations),Vận Hành An Cư,Operations,65000000,10000000,108.6,13942500,9103846,0,98046346,5096000,75550346,16815104,76135242,10244000,3000000,111290346,0,0,10497325133
2025-11,2025,11,EMP011,Đặng Văn Lâm,Giám Đốc Tài Chính Quốc Tế (CFO),Tài Chính & Kế Toán,Finance,90000000,12000000,106.0,17550000,16707240,0,136257240,5346000,109111240,28338934,102572306,10494000,3000000,149751240,0,0,10497325133
2025-11,2025,11,EMP012,Võ Quỳnh Trang,Giám Đốc Nhân Sự & Tuân Thủ (HR & Compliance Dir.),Nhân Sự & Quản Trị,HR,65000000,10000000,90.5,5118750,13413231,0,93531981,5096000,71035981,15460794,72975187,10244000,3000000,106775981,0,0,10497325133
2025-12,2025,12,EMP001,Nguyễn Quốc Hùng,Tổng Giám Đốc (Managing Director / CEO),Điều Hành Chung,Executive,130000000,25000000,107.8,27105000,95413029,104000000,381518029,5438000,354280029,114148010,261932019,10586000,3000000,395104029,11926628676,10,11926628676
2025-12,2025,12,EMP002,Trần Minh Tuấn,Phó TGĐ Kinh Doanh (Deputy CEO & Head of BD),Thương Mại & BD,Sales,105000000,20000000,95.7,12363750,112825026,17869256,268058032,5438000,240820032,74437011,188183021,10586000,3000000,281644032,7752308639,7,11926628676
2025-12,2025,12,EMP003,LS. Lê Hoàng Nam,Giám Đốc Pháp Lý & Thụ Lý Hồ Sơ (Legal Director),Pháp Lý Di Trú,Legal,95000000,15000000,88.3,5913750,59201911,6730843,181846504,5396000,159050504,45817676,130632828,10544000,3000000,195390504,0,10,11926628676
2025-12,2025,12,EMP004,Phạm Thanh Hà,Giám Đốc Thẩm Định Đầu Tư (Investment DD Director),Đầu Tư & Thẩm Định,Investment,90000000,15000000,95.7,10597500,48101611,0,163699111,5346000,140953111,39483589,118869522,10494000,3000000,177193111,0,10,11926628676
2025-12,2025,12,EMP005,Vũ Hải Đăng,Giám Đốc Khách Hàng VIP (Private Clients Director),Thương Mại & BD,Sales,85000000,20000000,110.8,19635000,92914108,18097399,235646507,5296000,212950507,64682677,165667830,10444000,3000000,249090507,4174320037,4,11926628676
2025-12,2025,12,EMP006,Đỗ Phương Thảo,Giám Đốc Marketing & Thương Hiệu (CMO),Tiếp Thị & Brand,Marketing,80000000,12000000,98.8,11280000,9683961,0,112963961,5246000,94717961,23301286,84416675,10394000,3000000,126357961,0,0,11926628676
2025-12,2025,12,EMP007,Hoàng Gia Bách,Giám Đốc Chi Nhánh Hà Nội (Northern Regional Dir.),Khối Chi Nhánh,Branch,85000000,15000000,95.9,10136250,73052492,15549674,198738416,5296000,171642416,50224846,143217570,10444000,3000000,212182416,4532118897,4,11926628676
2025-12,2025,12,EMP008,Ngô Thị Bích Ngọc,Giám Đốc Chi Nhánh TP.HCM (Southern Regional Dir.),Khối Chi Nhánh,Branch,90000000,15000000,107.0,18225000,94249309,10714348,228188657,5346000,205442657,62054930,160787727,10494000,3000000,241682657,5724781764,5,11926628676
2025-12,2025,12,EMP009,Trịnh Minh Trí,Trưởng Ban Đối Ngoại & Lãnh Sự (Head of Consular),Đối Ngoại Lãnh Sự,Legal,70000000,15000000,99.9,10447500,30545486,5572393,131565379,5146000,109019379,28306783,98112596,10294000,3000000,144859379,0,10,11926628676
2025-12,2025,12,EMP010,Bùi Thanh Mai,Trưởng Ban An Cư (Head of Settlement Operations),Vận Hành An Cư,Operations,65000000,10000000,98.6,9067500,13278108,0,97345608,5096000,74849608,16604882,75644726,10244000,3000000,110589608,0,0,11926628676
2025-12,2025,12,EMP011,Đặng Văn Lâm,Giám Đốc Tài Chính Quốc Tế (CFO),Tài Chính & Kế Toán,Finance,90000000,12000000,96.4,11070000,8675044,0,121745044,5346000,94599044,23259665,93139379,10494000,3000000,135239044,0,0,11926628676
2025-12,2025,12,EMP012,Võ Quỳnh Trang,Giám Đốc Nhân Sự & Tuân Thủ (HR & Compliance Dir.),Nhân Sự & Quản Trị,HR,65000000,10000000,91.4,5557500,12129747,0,92687247,5096000,70191247,15207374,72383873,10244000,3000000,105931247,0,0,11926628676
2026-01,2026,1,EMP001,Nguyễn Quốc Hùng,Tổng Giám Đốc (Managing Director / CEO),Điều Hành Chung,Executive,130000000,25000000,90.4,10140000,56849269,0,221989269,5438000,194751269,58312944,158238325,10586000,3000000,235575269,7106158592,6,7106158592
2026-01,2026,1,EMP002,Trần Minh Tuấn,Phó TGĐ Kinh Doanh (Deputy CEO & Head of BD),Thương Mại & BD,Sales,105000000,20000000,90.0,7875000,65965631,28066203,226906834,5438000,199668834,60034092,161434742,10586000,3000000,240492834,4619003085,4,7106158592
2026-01,2026,1,EMP003,LS. Lê Hoàng Nam,Giám Đốc Pháp Lý & Thụ Lý Hồ Sơ (Legal Director),Pháp Lý Di Trú,Legal,95000000,15000000,107.7,19736250,30271723,12970588,172978561,5396000,150182561,42713896,124868665,10544000,3000000,186522561,0,6,7106158592
2026-01,2026,1,EMP004,Phạm Thanh Hà,Giám Đốc Thẩm Định Đầu Tư (Investment DD Director),Đầu Tư & Thẩm Định,Investment,90000000,15000000,90.0,6750000,28299594,0,140049594,5346000,117303594,31206258,103497336,10494000,3000000,153543594,0,6,7106158592
2026-01,2026,1,EMP005,Vũ Hải Đăng,Giám Đốc Khách Hàng VIP (Private Clients Director),Thương Mại & BD,Sales,85000000,20000000,97.0,10837500,53584921,36677799,206100220,5296000,183404220,54341477,146462743,10444000,3000000,219544220,2487155507,2,7106158592
2026-01,2026,1,EMP006,Đỗ Phương Thảo,Giám Đốc Marketing & Thương Hiệu (CMO),Tiếp Thị & Brand,Marketing,80000000,12000000,110.7,18420000,17443212,0,127863212,5246000,109617212,28516024,94101188,10394000,3000000,141257212,0,0,7106158592
2026-01,2026,1,EMP007,Hoàng Gia Bách,Giám Đốc Chi Nhánh Hà Nội (Northern Regional Dir.),Khối Chi Nhánh,Branch,85000000,15000000,106.1,16638750,41862349,17968377,176469476,5296000,149373476,42430717,128742759,10444000,3000000,189913476,2700340265,2,7106158592
2026-01,2026,1,EMP008,Ngô Thị Bích Ngọc,Giám Đốc Chi Nhánh TP.HCM (Southern Regional Dir.),Khối Chi Nhánh,Branch,90000000,15000000,106.7,18022500,54894041,30108158,208024699,5346000,185278699,54997545,147681154,10494000,3000000,221518699,3410956124,3,7106158592
2026-01,2026,1,EMP009,Trịnh Minh Trí,Trưởng Ban Đối Ngoại & Lãnh Sự (Head of Consular),Đối Ngoại Lãnh Sự,Legal,70000000,15000000,109.8,15645000,18668351,10686115,129999466,5146000,107453466,27758713,97094753,10294000,3000000,143293466,0,6,7106158592
2026-01,2026,1,EMP010,Bùi Thanh Mai,Trưởng Ban An Cư (Head of Settlement Operations),Vận Hành An Cư,Operations,65000000,10000000,88.3,4046250,9464812,0,88511062,5096000,66015062,13954519,69460543,10244000,3000000,101755062,0,0,7106158592
2026-01,2026,1,EMP011,Đặng Văn Lâm,Giám Đốc Tài Chính Quốc Tế (CFO),Tài Chính & Kế Toán,Finance,90000000,12000000,89.4,6345000,8697106,0,117042106,5346000,89896106,21613637,90082469,10494000,3000000,130536106,0,0,7106158592
2026-01,2026,1,EMP012,Võ Quỳnh Trang,Giám Đốc Nhân Sự & Tuân Thủ (HR & Compliance Dir.),Nhân Sự & Quản Trị,HR,65000000,10000000,90.8,5265000,11107814,0,91372814,5096000,68876814,14813044,71463770,10244000,3000000,104616814,0,0,7106158592
2026-02,2026,2,EMP001,Nguyễn Quốc Hùng,Tổng Giám Đốc (Managing Director / CEO),Điều Hành Chung,Executive,130000000,25000000,102.0,21450000,54907323,0,231357323,5438000,204119323,61591763,164327560,10586000,3000000,244943323,6863415390,6,6863415390
2026-02,2026,2,EMP002,Trần Minh Tuấn,Phó TGĐ Kinh Doanh (Deputy CEO & Head of BD),Thương Mại & BD,Sales,105000000,20000000,111.1,24491250,61675558,8810774,219977582,5438000,192739582,57608854,156930728,10586000,3000000,233563582,4461220004,4,6863415390
2026-02,2026,2,EMP003,LS. Lê Hoàng Nam,Giám Đốc Pháp Lý & Thụ Lý Hồ Sơ (Legal Director),Pháp Lý Di Trú,Legal,95000000,15000000,108.8,20520000,19469444,4759955,154749399,5396000,131953399,36333690,113019709,10544000,3000000,168293399,0,6,6863415390
2026-02,2026,2,EMP004,Phạm Thanh Hà,Giám Đốc Thẩm Định Đầu Tư (Investment DD Director),Đầu Tư & Thẩm Định,Investment,90000000,15000000,88.3,5602500,26178304,0,136780804,5346000,114034804,30062181,101372623,10494000,3000000,150274804,0,6,6863415390
2026-02,2026,2,EMP005,Vũ Hải Đăng,Giám Đốc Khách Hàng VIP (Private Clients Director),Thương Mại & BD,Sales,85000000,20000000,89.0,5737500,56155698,10060583,176953781,5296000,154257781,44140223,127517558,10444000,3000000,190397781,2402195386,2,6863415390
2026-02,2026,2,EMP006,Đỗ Phương Thảo,Giám Đốc Marketing & Thương Hiệu (CMO),Tiếp Thị & Brand,Marketing,80000000,12000000,111.8,19080000,7226522,0,118306522,5246000,100060522,25171183,87889339,10394000,3000000,131700522,0,0,6863415390
2026-02,2026,2,EMP007,Hoàng Gia Bách,Giám Đốc Chi Nhánh Hà Nội (Northern Regional Dir.),Khối Chi Nhánh,Branch,85000000,15000000,101.3,13578750,43649515,7789897,165018162,5296000,137922162,38422757,121299405,10444000,3000000,178462162,2608097848,2,6863415390
2026-02,2026,2,EMP008,Ngô Thị Bích Ngọc,Giám Đốc Chi Nhánh TP.HCM (Southern Regional Dir.),Khối Chi Nhánh,Branch,90000000,15000000,103.1,15592500,53742842,9038533,183373875,5346000,160627875,46369756,131658119,10494000,3000000,196867875,3294439387,3,6863415390
2026-02,2026,2,EMP009,Trịnh Minh Trí,Trưởng Ban Đối Ngoại & Lãnh Sự (Head of Consular),Đối Ngoại Lãnh Sự,Legal,70000000,15000000,103.1,12127500,26034520,6122634,129284654,5146000,106738654,27508529,96630125,10294000,3000000,142578654,0,6,6863415390
2026-02,2026,2,EMP010,Bùi Thanh Mai,Trưởng Ban An Cư (Head of Settlement Operations),Vận Hành An Cư,Operations,65000000,10000000,89.1,4436250,7756765,0,87193015,5096000,64697015,13559104,68537911,10244000,3000000,100437015,0,0,6863415390
2026-02,2026,2,EMP011,Đặng Văn Lâm,Giám Đốc Tài Chính Quốc Tế (CFO),Tài Chính & Kế Toán,Finance,90000000,12000000,110.8,20790000,18417324,0,141207324,5346000,114061324,30071463,105789861,10494000,3000000,154701324,0,0,6863415390
2026-02,2026,2,EMP012,Võ Quỳnh Trang,Giám Đốc Nhân Sự & Tuân Thủ (HR & Compliance Dir.),Nhân Sự & Quản Trị,HR,65000000,10000000,98.9,9213750,10843207,0,95056957,5096000,72560957,15918287,74042670,10244000,3000000,108300957,0,0,6863415390
2026-03,2026,3,EMP001,Nguyễn Quốc Hùng,Tổng Giám Đốc (Managing Director / CEO),Điều Hành Chung,Executive,130000000,25000000,92.5,12187500,62080281,0,229267781,5438000,202029781,60860423,162969358,10586000,3000000,242853781,7760035109,7,7760035109
2026-03,2026,3,EMP002,Trần Minh Tuấn,Phó TGĐ Kinh Doanh (Deputy CEO & Head of BD),Thương Mại & BD,Sales,105000000,20000000,99.1,15041250,69580747,13049759,222671756,5438000,195433756,58551815,158681941,10586000,3000000,236257756,5044022821,4,7760035109
2026-03,2026,3,EMP003,LS. Lê Hoàng Nam,Giám Đốc Pháp Lý & Thụ Lý Hồ Sơ (Legal Director),Pháp Lý Di Trú,Legal,95000000,15000000,89.9,7053750,40234125,9975311,167263186,5396000,144467186,40713515,121153671,10544000,3000000,180807186,0,7,7760035109
2026-03,2026,3,EMP004,Phạm Thanh Hà,Giám Đốc Thẩm Định Đầu Tư (Investment DD Director),Đầu Tư & Thẩm Định,Investment,90000000,15000000,104.8,16740000,24413638,0,146153638,5346000,123407638,33342673,107464965,10494000,3000000,159647638,0,7,7760035109
2026-03,2026,3,EMP005,Vũ Hải Đăng,Giám Đốc Khách Hàng VIP (Private Clients Director),Thương Mại & BD,Sales,85000000,20000000,95.4,9817500,62752265,12720491,190290256,5296000,167594256,48807990,136186266,10444000,3000000,203734256,2716012288,2,7760035109
2026-03,2026,3,EMP006,Đỗ Phương Thảo,Giám Đốc Marketing & Thương Hiệu (CMO),Tiếp Thị & Brand,Marketing,80000000,12000000,91.9,7140000,16602384,0,115742384,5246000,97496384,24273734,86222650,10394000,3000000,129136384,0,0,7760035109
2026-03,2026,3,EMP007,Hoàng Gia Bách,Giám Đốc Chi Nhánh Hà Nội (Northern Regional Dir.),Khối Chi Nhánh,Branch,85000000,15000000,107.7,17658750,49232160,10282527,177173437,5296000,150077437,42677103,129200334,10444000,3000000,190617437,2948813341,2,7760035109
2026-03,2026,3,EMP008,Ngô Thị Bích Ngọc,Giám Đốc Chi Nhánh TP.HCM (Southern Regional Dir.),Khối Chi Nhánh,Branch,90000000,15000000,102.7,15322500,59109822,14180994,193613316,5346000,170867316,49953561,138313755,10494000,3000000,207107316,3724816852,3,7760035109
2026-03,2026,3,EMP009,Trịnh Minh Trí,Trưởng Ban Đối Ngoại & Lãnh Sự (Head of Consular),Đối Ngoại Lãnh Sự,Legal,70000000,15000000,108.8,15120000,19699333,2047845,121867178,5146000,99321178,24912412,91808766,10294000,3000000,135161178,0,7,7760035109
2026-03,2026,3,EMP010,Bùi Thanh Mai,Trưởng Ban An Cư (Head of Settlement Operations),Vận Hành An Cư,Operations,65000000,10000000,97.0,8287500,12576035,0,95863535,5096000,73367535,16160260,74607275,10244000,3000000,109107535,0,0,7760035109
2026-03,2026,3,EMP011,Đặng Văn Lâm,Giám Đốc Tài Chính Quốc Tế (CFO),Tài Chính & Kế Toán,Finance,90000000,12000000,111.7,21397500,9095253,0,132492753,5346000,105346753,27021364,100125389,10494000,3000000,145986753,0,0,7760035109
2026-03,2026,3,EMP012,Võ Quỳnh Trang,Giám Đốc Nhân Sự & Tuân Thủ (HR & Compliance Dir.),Nhân Sự & Quản Trị,HR,65000000,10000000,102.3,10871250,8666107,0,94537357,5096000,72041357,15762407,73678950,10244000,3000000,107781357,0,0,7760035109
2026-04,2026,4,EMP001,Nguyễn Quốc Hùng,Tổng Giám Đốc (Managing Director / CEO),Điều Hành Chung,Executive,130000000,25000000,108.2,27495000,79236979,0,261731979,5438000,234493979,72222893,184071086,10586000,3000000,275317979,9904622323,9,9904622323
2026-04,2026,4,EMP002,Trần Minh Tuấn,Phó TGĐ Kinh Doanh (Deputy CEO & Head of BD),Thương Mại & BD,Sales,105000000,20000000,108.1,22128750,89849888,48984975,285963613,5438000,258725613,80703965,199821648,10586000,3000000,299549613,6438004510,6,9904622323
2026-04,2026,4,EMP003,LS. Lê Hoàng Nam,Giám Đốc Pháp Lý & Thụ Lý Hồ Sơ (Legal Director),Pháp Lý Di Trú,Legal,95000000,15000000,94.6,10402500,22292475,15663871,158358846,5396000,135562846,37596996,115365850,10544000,3000000,171902846,0,9,9904622323
2026-04,2026,4,EMP004,Phạm Thanh Hà,Giám Đốc Thẩm Định Đầu Tư (Investment DD Director),Đầu Tư & Thẩm Định,Investment,90000000,15000000,107.5,18562500,36094636,0,159657136,5346000,136911136,38068898,116242238,10494000,3000000,173151136,0,9,9904622323
2026-04,2026,4,EMP005,Vũ Hải Đăng,Giám Đốc Khách Hàng VIP (Private Clients Director),Thương Mại & BD,Sales,85000000,20000000,111.9,20336250,76941997,51485398,253763645,5296000,231067645,71023676,177443969,10444000,3000000,267207645,3466617813,3,9904622323
2026-04,2026,4,EMP006,Đỗ Phương Thảo,Giám Đốc Marketing & Thương Hiệu (CMO),Tiếp Thị & Brand,Marketing,80000000,12000000,110.7,18420000,15916051,0,126336051,5246000,108090051,27981518,93108533,10394000,3000000,139730051,0,0,9904622323
2026-04,2026,4,EMP007,Hoàng Gia Bách,Giám Đốc Chi Nhánh Hà Nội (Northern Regional Dir.),Khối Chi Nhánh,Branch,85000000,15000000,93.9,8861250,58929631,26235813,194026694,5296000,166930694,48575743,140154951,10444000,3000000,207470694,3763756483,3,9904622323
2026-04,2026,4,EMP008,Ngô Thị Bích Ngọc,Giám Đốc Chi Nhánh TP.HCM (Southern Regional Dir.),Khối Chi Nhánh,Branch,90000000,15000000,110.9,20857500,76875143,36901989,239634632,5346000,216888632,66061021,168227611,10494000,3000000,253128632,4754218715,4,9904622323
2026-04,2026,4,EMP009,Trịnh Minh Trí,Trưởng Ban Đối Ngoại & Lãnh Sự (Head of Consular),Đối Ngoại Lãnh Sự,Legal,70000000,15000000,104.1,12652500,36167768,19000988,152821256,5146000,130275256,35746340,111928916,10294000,3000000,166115256,0,9,9904622323
2026-04,2026,4,EMP010,Bùi Thanh Mai,Trưởng Ban An Cư (Head of Settlement Operations),Vận Hành An Cư,Operations,65000000,10000000,90.7,5216250,11311316,0,91527566,5096000,69031566,14859470,71572096,10244000,3000000,104771566,0,0,9904622323
2026-04,2026,4,EMP011,Đặng Văn Lâm,Giám Đốc Tài Chính Quốc Tế (CFO),Tài Chính & Kế Toán,Finance,90000000,12000000,100.5,13837500,16931212,0,132768712,5346000,105622712,27117949,100304763,10494000,3000000,146262712,0,0,9904622323
2026-04,2026,4,EMP012,Võ Quỳnh Trang,Giám Đốc Nhân Sự & Tuân Thủ (HR & Compliance Dir.),Nhân Sự & Quản Trị,HR,65000000,10000000,100.5,9993750,12954852,0,97948602,5096000,75452602,16785781,76066821,10244000,3000000,111192602,0,0,9904622323
2026-05,2026,5,EMP001,Nguyễn Quốc Hùng,Tổng Giám Đốc (Managing Director / CEO),Điều Hành Chung,Executive,130000000,25000000,101.5,20962500,78591363,0,254553863,5438000,227315863,69710552,179405311,10586000,3000000,268139863,9823920389,8,9823920389
2026-05,2026,5,EMP002,Trần Minh Tuấn,Phó TGĐ Kinh Doanh (Deputy CEO & Head of BD),Thương Mại & BD,Sales,105000000,20000000,109.0,22837500,88534835,10633236,247005571,5438000,219767571,67068650,174498921,10586000,3000000,260591571,6385548253,5,9823920389
2026-05,2026,5,EMP003,LS. Lê Hoàng Nam,Giám Đốc Pháp Lý & Thụ Lý Hồ Sơ (Legal Director),Pháp Lý Di Trú,Legal,95000000,15000000,88.7,6198750,41633569,8037212,165869531,5396000,143073531,40225736,120247795,10544000,3000000,179413531,0,8,9823920389
2026-05,2026,5,EMP004,Phạm Thanh Hà,Giám Đốc Thẩm Định Đầu Tư (Investment DD Director),Đầu Tư & Thẩm Định,Investment,90000000,15000000,104.9,16807500,22259283,0,144066783,5346000,121320783,32612274,106108509,10494000,3000000,157560783,0,8,9823920389
2026-05,2026,5,EMP005,Vũ Hải Đăng,Giám Đốc Khách Hàng VIP (Private Clients Director),Thương Mại & BD,Sales,85000000,20000000,91.3,7203750,69768687,10645874,192618311,5296000,169922311,49622809,137699502,10444000,3000000,206062311,3438372136,3,9823920389
2026-05,2026,5,EMP006,Đỗ Phương Thảo,Giám Đốc Marketing & Thương Hiệu (CMO),Tiếp Thị & Brand,Marketing,80000000,12000000,102.2,13320000,10793133,0,116113133,5246000,97867133,24403497,86463636,10394000,3000000,129507133,0,0,9823920389
2026-05,2026,5,EMP007,Hoàng Gia Bách,Giám Đốc Chi Nhánh Hà Nội (Northern Regional Dir.),Khối Chi Nhánh,Branch,85000000,15000000,98.5,11793750,61971717,9434470,183199937,5296000,156103937,44786378,133117559,10444000,3000000,196643937,3733089748,3,9823920389
2026-05,2026,5,EMP008,Ngô Thị Bích Ngọc,Giám Đốc Chi Nhánh TP.HCM (Southern Regional Dir.),Khối Chi Nhánh,Branch,90000000,15000000,100.3,13702500,77587806,12373813,208664119,5346000,185918119,55221342,148096777,10494000,3000000,222158119,4715481787,4,9823920389
2026-05,2026,5,EMP009,Trịnh Minh Trí,Trưởng Ban Đối Ngoại & Lãnh Sự (Head of Consular),Đối Ngoại Lãnh Sự,Legal,70000000,15000000,102.9,12022500,44421456,10769009,152212965,5146000,129666965,35533438,111533527,10294000,3000000,165506965,0,8,9823920389
2026-05,2026,5,EMP010,Bùi Thanh Mai,Trưởng Ban An Cư (Head of Settlement Operations),Vận Hành An Cư,Operations,65000000,10000000,91.5,5606250,13631947,0,94238197,5096000,71742197,15672659,73469538,10244000,3000000,107482197,0,0,9823920389
2026-05,2026,5,EMP011,Đặng Văn Lâm,Giám Đốc Tài Chính Quốc Tế (CFO),Tài Chính & Kế Toán,Finance,90000000,12000000,99.8,13365000,10453879,0,125818879,5346000,98672879,24685508,95787371,10494000,3000000,139312879,0,0,9823920389
2026-05,2026,5,EMP012,Võ Quỳnh Trang,Giám Đốc Nhân Sự & Tuân Thủ (HR & Compliance Dir.),Nhân Sự & Quản Trị,HR,65000000,10000000,99.0,9262500,14118296,0,98380796,5096000,75884796,16915439,76369357,10244000,3000000,111624796,0,0,9823920389
2026-06,2026,6,EMP001,Nguyễn Quốc Hùng,Tổng Giám Đốc (Managing Director / CEO),Điều Hành Chung,Executive,130000000,25000000,95.9,15502500,82610176,104000000,357112676,5438000,329874676,105606137,246068539,10586000,3000000,370698676,10326271993,9,10326271993
2026-06,2026,6,EMP002,Trần Minh Tuấn,Phó TGĐ Kinh Doanh (Deputy CEO & Head of BD),Thương Mại & BD,Sales,105000000,20000000,103.2,18270000,91527248,10194259,244991507,5438000,217753507,66363727,173189780,10586000,3000000,258577507,6712076795,6,10326271993
2026-06,2026,6,EMP003,LS. Lê Hoàng Nam,Giám Đốc Pháp Lý & Thụ Lý Hồ Sơ (Legal Director),Pháp Lý Di Trú,Legal,95000000,15000000,91.1,7908750,26595651,3265558,147769959,5396000,124973959,33890886,108483073,10544000,3000000,161313959,0,9,10326271993
2026-06,2026,6,EMP004,Phạm Thanh Hà,Giám Đốc Thẩm Định Đầu Tư (Investment DD Director),Đầu Tư & Thẩm Định,Investment,90000000,15000000,91.3,7627500,32358370,0,144985870,5346000,122239870,32933954,106705916,10494000,3000000,158479870,0,9,10326271993
2026-06,2026,6,EMP005,Vũ Hải Đăng,Giám Đốc Khách Hàng VIP (Private Clients Director),Thương Mại & BD,Sales,85000000,20000000,92.4,7905000,77548879,18186628,208640507,5296000,185944507,55230577,148113930,10444000,3000000,222084507,3614195198,3,10326271993
2026-06,2026,6,EMP006,Đỗ Phương Thảo,Giám Đốc Marketing & Thương Hiệu (CMO),Tiếp Thị & Brand,Marketing,80000000,12000000,99.4,11640000,13876647,0,117516647,5246000,99270647,24894726,87375921,10394000,3000000,130910647,0,0,10326271993
2026-06,2026,6,EMP007,Hoàng Gia Bách,Giám Đốc Chi Nhánh Hà Nội (Northern Regional Dir.),Khối Chi Nhánh,Branch,85000000,15000000,92.1,7713750,59330476,6296761,173340987,5296000,146244987,41335745,126709242,10444000,3000000,186784987,3923983357,3,10326271993
2026-06,2026,6,EMP008,Ngô Thị Bích Ngọc,Giám Đốc Chi Nhánh TP.HCM (Southern Regional Dir.),Khối Chi Nhánh,Branch,90000000,15000000,92.1,8167500,77549863,9814057,200531420,5346000,177785420,52374897,142810523,10494000,3000000,214025420,4956610557,4,10326271993
2026-06,2026,6,EMP009,Trịnh Minh Trí,Trưởng Ban Đối Ngoại & Lãnh Sự (Head of Consular),Đối Ngoại Lãnh Sự,Legal,70000000,15000000,90.1,5302500,26393359,4463561,121159420,5146000,98613420,24664697,91348723,10294000,3000000,134453420,0,9,10326271993
2026-06,2026,6,EMP010,Bùi Thanh Mai,Trưởng Ban An Cư (Head of Settlement Operations),Vận Hành An Cư,Operations,65000000,10000000,93.0,6337500,8514856,0,89852356,5096000,67356356,14356907,70399449,10244000,3000000,103096356,0,0,10326271993
2026-06,2026,6,EMP011,Đặng Văn Lâm,Giám Đốc Tài Chính Quốc Tế (CFO),Tài Chính & Kế Toán,Finance,90000000,12000000,100.1,13567500,15898975,0,131466475,5346000,104320475,26662166,99458309,10494000,3000000,144960475,0,0,10326271993
2026-06,2026,6,EMP012,Võ Quỳnh Trang,Giám Đốc Nhân Sự & Tuân Thủ (HR & Compliance Dir.),Nhân Sự & Quản Trị,HR,65000000,10000000,88.9,4338750,12474635,0,91813385,5096000,69317385,14945216,71772169,10244000,3000000,105057385,0,0,10326271993
2026-07,2026,7,EMP001,Nguyễn Quốc Hùng,Tổng Giám Đốc (Managing Director / CEO),Điều Hành Chung,Executive,130000000,25000000,90.0,9750000,101881802,0,266631802,5438000,239393802,73937831,187255971,10586000,3000000,280217802,12735225208,11,12735225208
2026-07,2026,7,EMP002,Trần Minh Tuấn,Phó TGĐ Kinh Doanh (Deputy CEO & Head of BD),Thương Mại & BD,Sales,105000000,20000000,109.0,22837500,120768063,50888919,319494482,5438000,292256482,92439769,221616713,10586000,3000000,333080482,8277896385,7,12735225208
2026-07,2026,7,EMP003,LS. Lê Hoàng Nam,Giám Đốc Pháp Lý & Thụ Lý Hồ Sơ (Legal Director),Pháp Lý Di Trú,Legal,95000000,15000000,94.6,10402500,53701542,35544562,209648604,5396000,186852604,55548411,148704193,10544000,3000000,223192604,0,11,12735225208
2026-07,2026,7,EMP004,Phạm Thanh Hà,Giám Đốc Thẩm Định Đầu Tư (Investment DD Director),Đầu Tư & Thẩm Định,Investment,90000000,15000000,92.4,8370000,27733733,0,141103733,5346000,118357733,31575207,104182526,10494000,3000000,154597733,0,11,12735225208
2026-07,2026,7,EMP005,Vũ Hải Đăng,Giám Đốc Khách Hàng VIP (Private Clients Director),Thương Mại & BD,Sales,85000000,20000000,96.9,10773750,97818403,60294204,273886357,5296000,251190357,78066625,190523732,10444000,3000000,287330357,4457328823,4,12735225208
2026-07,2026,7,EMP006,Đỗ Phương Thảo,Giám Đốc Marketing & Thương Hiệu (CMO),Tiếp Thị & Brand,Marketing,80000000,12000000,96.9,10140000,11580389,0,113720389,5246000,95474389,23566036,84908353,10394000,3000000,127114389,0,0,12735225208
2026-07,2026,7,EMP007,Hoàng Gia Bách,Giám Đốc Chi Nhánh Hà Nội (Northern Regional Dir.),Khối Chi Nhánh,Branch,85000000,15000000,105.9,16511250,71605006,34968515,223084771,5296000,195988771,58746070,159042701,10444000,3000000,236528771,4839385579,4,12735225208
2026-07,2026,7,EMP008,Ngô Thị Bích Ngọc,Giám Đốc Chi Nhánh TP.HCM (Southern Regional Dir.),Khối Chi Nhánh,Branch,90000000,15000000,105.1,16942500,101671911,58876893,282491304,5346000,259745304,81060856,196084448,10494000,3000000,295985304,6112908100,5,12735225208
2026-07,2026,7,EMP009,Trịnh Minh Trí,Trưởng Ban Đối Ngoại & Lãnh Sự (Head of Consular),Đối Ngoại Lãnh Sự,Legal,70000000,15000000,100.8,10920000,30983090,17245012,144148102,5146000,121602102,32710736,106291366,10294000,3000000,157442102,0,11,12735225208
2026-07,2026,7,EMP010,Bùi Thanh Mai,Trưởng Ban An Cư (Head of Settlement Operations),Vận Hành An Cư,Operations,65000000,10000000,100.8,10140000,7406482,0,92546482,5096000,70050482,15165145,72285337,10244000,3000000,105790482,0,0,12735225208
2026-07,2026,7,EMP011,Đặng Văn Lâm,Giám Đốc Tài Chính Quốc Tế (CFO),Tài Chính & Kế Toán,Finance,90000000,12000000,94.5,9787500,11953780,0,123741280,5346000,96595280,23958348,94436932,10494000,3000000,137235280,0,0,12735225208
2026-07,2026,7,EMP012,Võ Quỳnh Trang,Giám Đốc Nhân Sự & Tuân Thủ (HR & Compliance Dir.),Nhân Sự & Quản Trị,HR,65000000,10000000,88.5,4143750,8130920,0,87274670,5096000,64778670,13583601,68595069,10244000,3000000,100518670,0,0,12735225208
2026-08,2026,8,EMP001,Nguyễn Quốc Hùng,Tổng Giám Đốc (Managing Director / CEO),Điều Hành Chung,Executive,130000000,25000000,95.9,15502500,99389211,0,269891711,5438000,242653711,75078799,189374912,10586000,3000000,283477711,12423651366,11,12423651366
2026-08,2026,8,EMP002,Trần Minh Tuấn,Phó TGĐ Kinh Doanh (Deputy CEO & Head of BD),Thương Mại & BD,Sales,105000000,20000000,90.9,8583750,117470342,22206460,273260552,5438000,246022552,76257893,191564659,10586000,3000000,286846552,8075373388,7,12423651366
2026-08,2026,8,EMP003,LS. Lê Hoàng Nam,Giám Đốc Pháp Lý & Thụ Lý Hồ Sơ (Legal Director),Pháp Lý Di Trú,Legal,95000000,15000000,104.3,17313750,55273988,9660032,192247770,5396000,169451770,49458119,137393651,10544000,3000000,205791770,0,11,12423651366
2026-08,2026,8,EMP004,Phạm Thanh Hà,Giám Đốc Thẩm Định Đầu Tư (Investment DD Director),Đầu Tư & Thẩm Định,Investment,90000000,15000000,90.1,6817500,37364770,0,149182270,5346000,126436270,34402694,109433576,10494000,3000000,162676270,0,11,12423651366
2026-08,2026,8,EMP005,Vũ Hải Đăng,Giám Đốc Khách Hàng VIP (Private Clients Director),Thương Mại & BD,Sales,85000000,20000000,102.1,14088750,99418797,16379141,234886688,5296000,212190688,64416741,165173947,10444000,3000000,248330688,4348277978,4,12423651366
2026-08,2026,8,EMP006,Đỗ Phương Thảo,Giám Đốc Marketing & Thương Hiệu (CMO),Tiếp Thị & Brand,Marketing,80000000,12000000,91.1,6660000,9578290,0,108238290,5246000,89992290,21647301,81344989,10394000,3000000,121632290,0,0,12423651366
2026-08,2026,8,EMP007,Hoàng Gia Bách,Giám Đốc Chi Nhánh Hà Nội (Northern Regional Dir.),Khối Chi Nhánh,Branch,85000000,15000000,96.7,10646250,75835620,14076361,200558231,5296000,173462231,50861781,144400450,10444000,3000000,214002231,4720987519,4,12423651366
2026-08,2026,8,EMP008,Ngô Thị Bích Ngọc,Giám Đốc Chi Nhánh TP.HCM (Southern Regional Dir.),Khối Chi Nhánh,Branch,90000000,15000000,96.5,11137500,100055662,19097246,235290408,5346000,212544408,64540543,165403865,10494000,3000000,248784408,5963352656,5,12423651366
2026-08,2026,8,EMP009,Trịnh Minh Trí,Trưởng Ban Đối Ngoại & Lãnh Sự (Head of Consular),Đối Ngoại Lãnh Sự,Legal,70000000,15000000,93.7,7192500,32040248,3938672,128171420,5146000,105625420,27118897,95906523,10294000,3000000,141465420,0,11,12423651366
2026-08,2026,8,EMP010,Bùi Thanh Mai,Trưởng Ban An Cư (Head of Settlement Operations),Vận Hành An Cư,Operations,65000000,10000000,93.9,6776250,6662200,0,88438450,5096000,65942450,13932735,69409715,10244000,3000000,101682450,0,0,12423651366
2026-08,2026,8,EMP011,Đặng Văn Lâm,Giám Đốc Tài Chính Quốc Tế (CFO),Tài Chính & Kế Toán,Finance,90000000,12000000,92.5,8437500,10792199,0,121229699,5346000,94083699,23079295,92804404,10494000,3000000,134723699,0,0,12423651366
2026-08,2026,8,EMP012,Võ Quỳnh Trang,Giám Đốc Nhân Sự & Tuân Thủ (HR & Compliance Dir.),Nhân Sự & Quản Trị,HR,65000000,10000000,92.2,5947500,13360565,0,94308065,5096000,71812065,15693620,73518445,10244000,3000000,107552065,0,0,12423651366
2026-09,2026,9,EMP001,Nguyễn Quốc Hùng,Tổng Giám Đốc (Managing Director / CEO),Điều Hành Chung,Executive,130000000,25000000,100.6,20085000,101802792,0,276887792,5438000,249649792,77527427,193922365,10586000,3000000,290473792,12725348972,11,12725348972
2026-09,2026,9,EMP002,Trần Minh Tuấn,Phó TGĐ Kinh Doanh (Deputy CEO & Head of BD),Thương Mại & BD,Sales,105000000,20000000,97.8,14017500,121386653,14178669,274582822,5438000,247344822,76720688,192424134,10586000,3000000,288168822,8271476832,7,12725348972
2026-09,2026,9,EMP003,LS. Lê Hoàng Nam,Giám Đốc Pháp Lý & Thụ Lý Hồ Sơ (Legal Director),Pháp Lý Di Trú,Legal,95000000,15000000,97.5,12468750,63728412,14646450,200843612,5396000,178047612,52466664,142980948,10544000,3000000,214387612,0,11,12725348972
2026-09,2026,9,EMP004,Phạm Thanh Hà,Giám Đốc Thẩm Định Đầu Tư (Investment DD Director),Đầu Tư & Thẩm Định,Investment,90000000,15000000,107.6,18630000,31263376,0,154893376,5346000,132147376,36401582,113145794,10494000,3000000,168387376,0,11,12725348972
2026-09,2026,9,EMP005,Vũ Hải Đăng,Giám Đốc Khách Hàng VIP (Private Clients Director),Thương Mại & BD,Sales,85000000,20000000,92.1,7713750,100629113,24091254,237434117,5296000,214738117,65308341,166829776,10444000,3000000,250878117,4453872140,4,12725348972
2026-09,2026,9,EMP006,Đỗ Phương Thảo,Giám Đốc Marketing & Thương Hiệu (CMO),Tiếp Thị & Brand,Marketing,80000000,12000000,101.4,12840000,12802062,0,117642062,5246000,99396062,24938622,87457440,10394000,3000000,131036062,0,0,12725348972
2026-09,2026,9,EMP007,Hoàng Gia Bách,Giám Đốc Chi Nhánh Hà Nội (Northern Regional Dir.),Khối Chi Nhánh,Branch,85000000,15000000,94.7,9371250,78920161,10106245,198397656,5296000,171301656,50105580,142996076,10444000,3000000,211841656,4835632609,4,12725348972
2026-09,2026,9,EMP008,Ngô Thị Bích Ngọc,Giám Đốc Chi Nhánh TP.HCM (Southern Regional Dir.),Khối Chi Nhánh,Branch,90000000,15000000,95.8,10665000,97001965,17086077,229753042,5346000,207007042,62602465,161804577,10494000,3000000,243247042,6108167507,5,12725348972
2026-09,2026,9,EMP009,Trịnh Minh Trí,Trưởng Ban Đối Ngoại & Lãnh Sự (Head of Consular),Đối Ngoại Lãnh Sự,Legal,70000000,15000000,93.8,7245000,33730773,6462580,132438353,5146000,109892353,28612324,98680029,10294000,3000000,145732353,0,11,12725348972
2026-09,2026,9,EMP010,Bùi Thanh Mai,Trưởng Ban An Cư (Head of Settlement Operations),Vận Hành An Cư,Operations,65000000,10000000,94.9,7263750,10489268,0,92753018,5096000,70257018,15227105,72429913,10244000,3000000,105997018,0,0,12725348972
2026-09,2026,9,EMP011,Đặng Văn Lâm,Giám Đốc Tài Chính Quốc Tế (CFO),Tài Chính & Kế Toán,Finance,90000000,12000000,91.7,7897500,13262365,0,123159865,5346000,96013865,23754853,94059012,10494000,3000000,136653865,0,0,12725348972
2026-09,2026,9,EMP012,Võ Quỳnh Trang,Giám Đốc Nhân Sự & Tuân Thủ (HR & Compliance Dir.),Nhân Sự & Quản Trị,HR,65000000,10000000,100.8,10140000,5671594,0,90811594,5096000,68315594,14644678,71070916,10244000,3000000,104055594,0,0,12725348972
